<?xml version="1.0" encoding="UTF-8" standalone="yes"?>
<addon id="plugin.video.hyper" name="HyperTT Wizard" version="0.17.0" provider-name="toptutorials.co.uk">
  <requires>
    <import addon="xbmc.python" version="2.1.0"/>
  </requires>
  <extension point="xbmc.python.pluginsource" library="default.py">
        <provides>video executable</provides>
  </extension>
  <extension point="xbmc.addon.metadata">
		<summary lang="en">Top Tutorial Build Wizards</summary>
		<description lang="en">In this wizard you will find the latest Builds from Top Tutorials.co.uk </description>
		<disclaimer lang="en">Visit toptutorials.co.uk for more info.</disclaimer>
		<forum>http://toptutorials.co.uk</forum>
		<source>http://toptutorials.co.uk/</source>
		<website>https://www.youtube.com/toptutorialsuk</website>
		<platform>all</platform>
	</extension>
</addon>
